№ п/п,раздел товара,группа товара,подкаталог,наименование,артикул,цена
,,,,,,
1.,Ароматы (Франция) и средства для мужчин HYMM,,,,серо-розовый,
,,* ароматы ,,,,
,,,* для женщин,,,
,,,,* ANTICIPATE  Парфюмированная вода для женщин 50 мл,119003,"843,70"
,,,,* ANTICIPATE  Intense Парфюмированная вода для женщин 50 мл,119004,"845,63"
,,,,* WISTFUL Парфюмированная вода для женщин 50 мл,119002,"834,23"
,,,,* WISTFUL №1  Парфюмированная вода для женщин 50 мл,119001,"834,23"
,,,,* ANCESTRY in PARIS Парфюмированная вода для женщин 50 мл,118640,"917,43"
,,,* для мужчин,,,
,,,,* OPPORTUNE №1  Туалетная вода для мужчин 50 мл,109449,"716,43"
,,,* универсальные,,,
,,,,"* ARTISTRY FLORA CHIC  Парфюмированная вода, 50 мл",119630,"1 480,68"
,,,,* OPPORTUNE PREMIUM  Талетная вода 50 мл,118641,"845,14"
,,,,* OPPORTUNE SPORT  Туалетная вода 50 мл,103705,"768,38"
,,,,* WISTFUL AROMA  Спрей для тела  100 мл,103704,"947,08"
,,,,,,
,,* средства для мужчие HYMM,,,,
,,,* для бритья,,,
,,,,* HYMM Гель для бритья 150 мл,119005,"206,34"
,,,,* HYMM Гель-пена для бритья 200 мл,121206,"261,37"
,,,,* HYMM Бальзам после бритья 100 мл,119006,"344,84"
,,,,* HYMM Бритва с 5-ю лезвиями 1 шт.,119627,"393,12"
,,,,* HYMM Сменные лезвия для бритвы 4 шт.,119628,"303,72"
,,,* для тела,,,
,,,,* HYMM 2-в-1 Шампунь и гель для душа 250 мл,119008,"160,91"
,,,,* HYMM Роликовый дезодорант 100 мл,119007,"211,29"
,,,,,,
,,* пробники,,,,
,,,,"* ARTISTRY IDEAL RADIANCE  Комплексная система, пробники 5 шт.",118899,"195,24"
,,,,,,
2.,"Уход за волосами, телом и полостью рта",,,,желто-золотистый,
,,* уход за полостью рта,,,,
,,,"* зубные пасты, освежители",,,
,,,,* glister Многофункциональная фтористая зубная паста 150 мл,6833,"133,87"
,,,,"* glister Зубная паста, дорожная упаковка 50 мл",1959,"59,11"
,,,,* glister Концентрированная жидкость для полоскания полости рта,9949,"244,70"
,,,* средства для читки,,,
,,,,* glister Универсальная зубная щетка,100957,"230,15"
,,,,* glister Зубные щетки для детей,9922,"202,40"
,,,,* glister Зубная нитка,0994,"89,25"
,,* уход за телом,,,,
,,,* для тела,,,
,,,,* BODY SERIES G&H Лосьон для тела,100268,"144,17"
,,,,* BODY SERIES ALLANO Лосьон для рук и тела,6863,"199,54"
,,,,* Премиум-спа коллекция,116813,"1 771,07"
,,,,* BODY SERIES™ Роликовый антиперспирант,2178,"171,04"
,,,,* BODY SERIES Дезодорант-антиперспирант спрей,2177,"166,92"
,,,,* BODY SERIES™ Прозрачный дезодорант-антиперспирант стик,100276,"236,74"
,,,,* BODY SERIES Увлажняющий лосьон для рук и тела,2175,"389,53"
,,,,* BODY SERIES G&H Гель для душа,100270,"130,12"
,,,,* BODY SERIES Освежающий гель для душа,2162,"219,36"
,,,,"* BODY SERIES Освежающий гель для душа, сменный пакет",2163,"499,88"
,,,,* BODY SERIES Мыло 3-в-1,2170,"393,29"
,,,,* BODY SERIES Дезодорированное мыло,8272,"371,41"
,,,,* BODY SERIES G&H Мыло для полного ухода за кожей,2181,"213,16"
,,,* для рук и ног,,,
,,,,* Крем для рук и ногтей с аргановым маслом и витамином Е,117522,"537,88"
,,,,* ARTISTRY Крем для рук с растительными экстрактами SPF 15,102205,"446,61"
,,,,* BODY SERIES™ Жидкое концентрированное мыло для рук,100100,"587,47"
,,,,* BODY SERIES Жидкое концентрированное мыло для рук,2171,"188,85"
,,,,,,
,,* уход за волосами,,,,
,,,* шампуни,,,
,,,,* SATINIQUE™ Шампунь для восстановления цвета волос,121424,"613,23"
,,,,* SATINIQUE™ Шампунь для восстановления цвета волос,110663,"269,42"
,,,,* SATINIQUE™ Шампунь для увеличения объема волос,121422,"548,59"
,,,,* SATINIQUE™ Шампунь для увеличения объема волос,110657,"240,95"
,,,,* SATINIQUE™ Шампунь против выпадения волос,110659,"269,42"
,,,,* SATINIQUE™ Шампунь против перхоти,110670,"269,42"
,,,,* SATINIQUE™ Шампунь-кондиционер 2-в-1,116510,"613,24"
,,,,* SATINIQUE™ Шампунь-кондиционер 2-в-1,115304,"269,42"
,,,,* SATINIQUE™ Увлажняющий шампунь для разглаживания волос,110656,"548,60"
,,,,* SATINIQUE™ Увлажняющий шампунь для разглаживания волос,110655,"240,95"
,,,"* кондиционеры, маски, бальзамы, др.",,,
,,,,* SATINIQUE™ Кондиционер для увеличения объема волос,121423,"581,74"
,,,,* SATINIQUE™ Кондиционер для увеличения объема волос,110667,"255,42"
,,,,* SATINIQUE™ Кондиционер для восстановления цвета волос,121425,"650,12"
,,,,* SATINIQUE™ Кондиционер для восстановления цвета волос,110671,"285,54"
,,,,* SATINIQUE™ Кондиционер против выпадения волос,116823,"285,54"
,,,,* SATINIQUE™ Увлажняющий кондиционер для разглаживания волос,110665,"581,74"
,,,,* SATINIQUE™ Увлажняющий кондиционер для разглаживания волос,110664,"255,42"
,,,,* SATINIQUE™ Восстанавливающая маска для волос,119593,"575,18"
,,,,* SATINIQUE™ Бальзам для выравнивания волос,110676,"352,11"
,,,,* SATINIQUE™ Сыворотка для волос на масляной основе,119785,"525,21"
,,,,* SATINIQUE™ Средство для восстановления волос ночью,110677,"406,04"
,,,,* SATINIQUE™ Тонизирующее средство для ухода за кожей головы,110686,"882,93"
,,,* для укладки,,,
,,,,* SATINIQUE™ Мусс для увеличения объема волос,119342,"214,31"
,,,,* SATINIQUE™ Крем-стайлинг для волос,114954,"352,11"
,,,,* SATINIQUE™ Воск для моделирования прически с матовым эффектом,110675,"352,11"
,,,,* SATINIQUE™ Лак для завершения формирования прически,116822,"220,14"
,,,,* SATINIQUE™ Спрей для волос,110685,"378,86"
,,,,* SATINIQUE™ Спрей для волос – двойная защита,110684,"406,04"
,,,,,,
,,* товары для путешествий,,,,
,,,* средства гигиены,,,
,,,,* HYMM Набор для путешествий 3х30 мл,266261,"297,07"
,,,,"* glister Зубная паста, дорожная упаковка 50 мл",1959,"59,11"
,,,,* Набор из 3 мини-упаковок жидких стиральных средств SA8 (3*250 мл),121121,"518,92"
,,,* сумки и емкости,,,
,,,,* ARTISTRY Дорожная сумка 1 шт.,117886,"3 449,68"
,,,,* bodykey by NUTRILITE™ Спортивная сумка,118823,"693,10"
,,,,* beautycycle Фирменная сумка,110701,"767,74"
,,,,* AMWAY HOME™ Большая фирменная сумка,112784,"181,74"
,,,,* TRAVEL TRIO™ Набор для путешествий (пустой),107211,"241,67"
,,,,,,
3.,Дом,,,,синий,
,,* товары для стирки,,,,
,,,* порошки,,,
,,,,* SA8™ Premium Концентрированный стиральный порошок (3 кг),109849,"768,98"
,,,,* SA8™ Premium Концентрированный стиральный порошок (1 кг),109848,"306,09"
,,,,* SA8™ Color Концентрированный порошок для стирки цветных тканей (3 кг),109850,"642,94"
,,,,* SA8™ Baby Концентрированный порошок для стирки детского белья (3 кг),109851,"710,94"
,,,* жидкие средства для стирки,,,
,,,,* SA8™ Жидкое концентрированное средство для стирки (4 л),110478,"1 390,92"
,,,,"* SA8™ Жидкое концентрированное средство для стирки (1,5 л)",110477,"607,84"
,,,,* AMWAY HOME™ SA8™ Концентрированное жидкое средство для стирки темной одежды (1 л),250508,"471,74"
,,,,* SA8™ Delicate Концентрированное жидкое средство для стирки деликатных тканей (1 л),110479,"363,26"
,,,,* Набор из 3 мини-упаковок жидких стиральных средств SA8 (3*250 мл),121121,"518,92"
,,,"* отбеливатели, для замачивания",,,
,,,,* SA8™ Универсальный отбеливатель (1 кг),110481,"318,06"
,,,,* SA8™ Универсальный отбеливатель (500 г),110534,"197,12"
,,,,* SA8™ Спрей предварительной очистки для выведения пятен (400 мл),110403,"234,16"
,,,,* SA8™ Tri-Zyme™ Средство для замачивания белья и выведения пятен (1 кг),110482,"399,61"
,,,* смягчители тканей,,,
,,,,* SA8™ Концентрированный смягчитель для тканей «Свежий воздух Альп» (1 л),109852,"205,47"
,,,,* SA8™ Концентрированный смягчитель для тканей «Цветущий сад» (1 л),110480,"205,47"
,,,,,,
,,* товары для уборки,,,,
,,,* универсальные,,,
,,,,* L.O.C.™ Мультифункциональный очиститель,0001,"185,42"
,,,,* L.O.C.™ Мягкое чистящее средство абразивного типа,110486,"185,82"
,,,,* ZOOM™ Концентрированный очиститель,117074,"183,63"
,,,,* AMWAY HOME™ L.O.C.™ Кухонные салфетки,107888,"460,25"
,,,* для особых поверхностей,,,
,,,,* L.O.C.™ Чистящее средство для ванной комнаты,117078,"133,94"
,,,,* L.O.C.™ Моющее средство для кухни,117079,"133,94"
,,,,* L.O.C.™ Чистящее средство для стекол,117080,"133,94"
,,,,* Чистящее средство для туалета,109864,"202,03"
,,,,* L.O.C. Plus SEE SPRAY™ Очиститель для стекла,8116,"201,60"
,,,,* AMWAY™ Очиститель для духовок,14,"216,89"
,,,,* L.O.C.™ Plus Очиститель для металлических изделий,112160,"141,31"
,,,,* Восковой полироль для мебели AMWAY™,100712,"146,00"
,,,,* AMWAY HOME™ GREEN MEADOWS™ Концентрированный освежитель воздуха и нейтрализатор запаха,8193,"152,85"
,,,,* L.O.C.™ Очищающие салфетки,110485,"388,67"
,,,,,,
,,* товары для мытья посуды,,,,
,,,* для ручного мытья,,,
,,,,* DISH DROPS™ Концентрированная жидкость для мытья посуды,110488,"213,30"
,,,,* DISH DROPS™ SCRUB BUDS™ Металлические губки,110490,"150,02"
,,,* для автоматической мойки,,,
,,,,* DISH DROPS™ Таблетки для автоматических посудомоечных машин,109867,"576,11"
,,,,* DISH DROPS™ Порошок для автоматических посудомоечных машин,110489,"398,91"
,,,,,,
,,* дозаторы и аппликаторы,,,,
,,,"* помпы, распылители",,,
,,,,* SA8 Помпа-дозатор для 4-литровых бутылок,1560,"234,85"
,,,,* AMWAY™ Помпа-дозатор для 1-литровых бутылок,103972,"38,32"
,,,,* AMWAY™ Распылитель пистолетного типа,110483,"82,73"
,,,* дозировочные емкости,,,
,,,,* AMWAY Пластиковый дозировочный флакон,110487,"75,14"
,,,,* AMWAY Диспенсерная емкость,5101,"27,48"
,,,,* AMWAY™ Мерный колпачок,5113,"52,79"
,,,* другое,,,
,,,,* AMWAY™ Сменный ролик для щетки,100718,"100,60"
,,,,* Клейкие этикетки средств для домашнего хозяйства,200013,"22,19"
,,,,,,
4.,Посуда и система очистки воды,,,,голубой,
,,* кухонная посуда,,,,
,,,* наборы,,,
,,,,* iCook™ Семейный набор,101097,"18 732,17"
,,,,* iCook™ Расширенный набор,101096,"12 294,83"
,,,,* iCook™ Основной набор,101094,"11 341,51"
,,,,* iCook™ Базовый набор,101095,"8 353,80"
,,,,* Набор из 6 предметов iCook™ Бистро ДЛЯ СЕРВИРОВКИ*,259808,"2 334,15"
,,,,"* iCook™ Family Prestige™ Набор ""Семейный престиж""",101098,"26 657,28"
,,,,* iCook Мини набор - 2 и 3-литровые кастрюли,200137,"5 515,70"
,,,,* iCook Посудины для смешивания,200343,"1 984,83"
,,,,* iCook Мини набор - Пароварка (набор),200139,"6 771,16"
,,,,* iCook Сотейники маленький и большой + выпуклая крышка,200341,"9 293,06"
,,,,* iCook Мини набор - Набор для приготовления пасты,200138,"8 009,83"
,,,,* iCook™ Набор из 5 ножей,102709,"6 411,60"
,,,,"* iCook™ Сковородки, не допускающие пригорания",101083,"6 711,12"
,,,* отдельные предметы,,,
,,,,* iCook Сковородка-ВОК,105084,"9 547,20"
,,,,"* iCook™ Сковородка, не допускающая пригорания",101087,"3 558,98"
,,,,* iCook Кастрюля 1л,200342,"2 884,45"
,,,,* iCook Нож Santoku,102710,"1 769,33"
,,,,* iCook Маленький Нож Petty,102712,"1 263,52"
,,,,* Многофункциональные кухонные ножницы iCook™,102715,"1 124,90"
,,,,* iCook Точилка для ножей и ножниц,102716,"839,57"
,,,"* ручки, крышки",,,
,,,,* iCook™ Рукоять для маленького сотейника,400135,"183,40"
,,,,* iCook™ Рукоять для большого сотейника,101791,"136,08"
,,,,* iCook™ Рукоять для 20- и 25-сантиметровых сковородок,400138,"186,95"
,,,,* iCook™ Круглая ручка с предохранителями для пальцев (для стеклянных крышек),400141,"225,35"
,,,,* iCook™ Круглая ручка с предохранителями для пальцев (для стальных крышек),400137,"165,74"
,,,,* iCook™ Универсальная боковая ручка,400139,"165,74"
,,,,* iCook™ Боковая ручка для маленькой выпуклой крышки,400136,"126,11"
,,,,* iCook™ Боковая ручка для 30-сантиметровой сковородки,400140,"110,96"
,,,,* iCook™ Крышки к ёмкостям для смешивания,400142,"187,39"
,,,,* iCook Крышка диаметром 30см,400453,"815,66"
,,,,* iCook Крышка диаметром 25см,400452,"705,43"
,,,,* iCook Крышка диаметром 20см,400451,"525,82"
,,,,,,
,,* система очистки воды,,,,
,,,,* eSpring™ Карафе,268868,"1 248,00"
,,,,* Система очистки воды eSpring™ с набором для подключения к основному (имеющемуся) крану,100188,"19 936,80"
,,,,* Система очистки воды eSpring™ с набором для подключения к Вспомогательному крану,100189,"19 936,80"
,,,,* eSpring™ Набор для крепления на стене,102996,"1 064,70"
,,,,* Сменный фильтр к Системе очистки воды eSpring,100186,"4 409,60"
,,,,* eSpring Префильтр,100187,"1 016,80"
,,,,* Набор eSpring для подключения к основному (имеющемуся) крану,100662,"3 210,58"
,,,,* Набор eSpring для подключения к вспомогательному крану,100663,"3 392,68"
,,,,,,
,,* аксессуары,,,,
,,,* емкости,,,
,,,,* SA8 Емкость для стирального порошка,110715,"326,03"
,,,,"* Фирменная бутылка eSpring объемом 1,5 л (4 шт. в упаковке)",200377,"102,17"
,,,,"* Фирменная бутылка eSpring объемом 0,5 л (6 шт. в упаковке)",200378,"97,27"
,,,,* eSpring Фирменная бутылка,251480,"366,68"
,,,* разное,,,
,,,,* iCook Фирменный фартук,251557,"634,22"
,,,,* iCook Кухонная рукавичка,251559,"485,41"
,,,,* AMWAY HOME Салфетка из микрофибры,112785,"98,67"
,,,,* eSpring стикеры для стаканов 10 шт. в упаковке,200376,"15,13"
,,,,,,
5.,Здоровье,,,,зеленый,
,,* витамины и диетические добавки,,,,
,,,* витамины и минералы,,,
,,,,* NUTRILITE Дейли,4504,"540,88"
,,,,* NUTRILITE Дейли,100030,"303,00"
,,,,* NUTRILITE В Комплекс,7337,"344,01"
,,,,* NUTRILITE™ Биотин C плюс,100305,"489,44"
,,,,* NUTRILITE Витамин С плюс,109743,"1 008,37"
,,,,* NUTRILITE Витамин С плюс,109741,"386,46"
,,,,"* NUTRILITE Витамин С, жевательные таблетки",8617,"496,81"
,,,,* NUTRILITE ™ Витамин Е из зародышей пшеницы,4321,"354,85"
,,,,"* NUTRILITE Мультивитамин, жевательные таблетки",100930,"656,38"
,,,,* NUTRILITE™ Железо плюс,100295,"331,08"
,,,,"* NUTRILITE Железо, жевательные таблетки",8669,"290,86"
,,,,* NUTRILITE™ Кальций Магний витамин D плюс 90 таблеток,110605,"313,39"
,,,,* NUTRILITE™ Кальций Магний витамин D плюс 180 таблеток,110606,"550,67"
,,,,"* NUTRILITE Кальций Магний, жевательные таблетки",5847,"304,62"
,,,,* AMWAY Магний в пакетиках-стиках,116646,"471,65"
,,,,* AMWAY Цинк в пакетиках-стиках,116982,"511,20"
,,,,,,
,,,* диетические добавки,,,
,,,,* NUTRILITE Комплекс Омега-3,4298,"662,01"
,,,,* NUTRILITE Мультикаротин,109538,"548,98"
,,,,* NUTRILITE™ Коэнзим Q10,0191,"971,59"
,,,,* NUTRILITE Чеснок,109705,"434,12"
,,,,* NUTRILITE™ Гинкго билоба плюс ДГК,8005,"810,45"
,,,,* NUTRILITE™ Черника плюс лютеин,8007,"723,70"
,,,,* NUTRILITE™ Расторопша пятнистая,101831,"1 208,71"
,,,,* NUTRILITE™ Примула плюс,100135,"1 121,48"
,,,,* NUTRILITE™ Глюкозамин с экстрактом босвеллии,100108,"720,01"
,,,,* NUTRILITE™ Протеиновый батончик со вкусом шоколада,119601,"1 257,78"
,,,,"* NUTRILITE™ Протеиновый батончик, вкус карамельно-ванильный",119602,"1 257,78"
,,,,* NUTRILITE™ Протеиновый порошок на растительной основе,110415,"954,27"
,,,,"* NUTRILITE Смесь клетчатки, жевательные таблетки",104283,"482,42"
,,,,* NUTRILITE™ Порошковая клетчатка,102736,"795,82"
,,,,* NUTRILITE КЛК 500,100280,"1 749,83"
,,,,* NUTRILITE™ Карб Блокер,100193,"932,00"
,,,,* Блокатор жиров,116667,"749,80"
,,,,* NUTRILITE DOUBLE X Поливитаминная мультиминеральная фитопитательная диетическая добавка,102687,"1 474,85"
,,,,"* NUTRILITE DOUBLE X Поливитаминная мультиминеральная фитопитательная диетическая добавка, сменная уп.",103377,"2 702,06"
,,,,* NUTRILITE Концентрированные фрукты и овощи,100296,"604,75"
,,,,* NUTRILITE STRIVE+™ Концентрированный регидрационный напиток со вкусом грейпфрута,103788,"778,15"
,,,,* NUTRILITE FITH2O™ Концентрат напитка со вкусом персика,103787,"422,42"
,,,,* Зеленый чай плюс NUTRILITE™,100070,"844,18"
,,,,,,
,,* фитнесс и товары для похудения,,,,
,,,* программы для похудения,,,
,,,,* Набор bodykey,117681,"7 890,66"
,,,* добавки для похудения,,,
,,,,* NUTRILITE КЛК 500,100280,"1 749,83"
,,,,* NUTRILITE™ Карб Блокер,100193,"932,00"
,,,,* NUTRILITE™ Порошковая клетчатка,102736,"795,82"
,,,,* Блокатор жиров,116667,"749,80"
,,,,* Комплексная система TRUVIVITY от NUTRILITE™,272432,"3 187,17"
,,,,"* TRUVIVITY от NUTRILITE™ Диетическая добавка «КРАСОТА ИЗНУТРИ» с витаминами A, C и цинком",119407,"1 728,84"
,,,,* TRUVIVITY от NUTRILITE Диетическая добавка «Концентрат напитка со вкусом грейпфрута «КРАСОТА ИЗНУТРИ»,119405,"906,22"
,,,* специальное питание,,,
,,,,"* bodykey Кремовый микс со вкусом шоколада, сбалансированное содержание питательных веществ",116660,"1 130,00"
,,,,"* bodykey Кремовый микс со вкусом шоколада, пониженное содержание углеводов",116654,"1 130,00"
,,,,"* bodykey Кремовый микс со вкусом шоколада, пониженное содержание жиров",116648,"1 130,00"
,,,,"* bodykey Кремовый микс со вкусом ванили, сбалансированное содержание питательных веществ",116661,"1 130,00"
,,,,"* bodykey Кремовый микс со вкусом ванили, пониженное содержание углеводов",116655,"1 130,00"
,,,,"* bodykey Кремовый микс со вкусом ванили, пониженное содержание жиров",116649,"1 130,00"
,,,,"* bodykey Батончик со вкусом фруктов, сбалансированное содержание питательных веществ",116665,"1 130,00"
,,,,"* bodykey Батончик со вкусом шоколада, сбалансированное содержание питательных веществ",116664,"1 130,00"
,,,,"* bodykey Батончик со вкусом фруктов, пониженное содержание углеводов",116659,"1 130,00"
,,,,"* bodykey Батончик со вкусом шоколада, пониженное содержание углеводов",116658,"1 130,00"
,,,,"* bodykey Батончик со вкусом фруктов, пониженное содержание жиров",116653,"1 130,00"
,,,,"* bodykey Батончик со вкусом шоколада, пониженное содержание жиров",116652,"1 130,00"
,,,,* bodykey Травяной чай,116670,"252,72"
,,,,,,
,,* продукты питания и напитки,,,,
,,,* продукты питания,,,
,,,,* AMWAY™ Оливковое масло Extra Virgin,3963,"1 046,50"
,,,,* AMWAY™ Уксус бальзамический,200662,"414,01"
,,,,* Макаронные изделия – СПАГЕТТИ,4655,"747,24"
,,,,* Макаронные изделия – Фузилли,4658,"581,82"
,,,* напитки,,,
,,,,* AMWAY™ Кофе в зернах,100181,"1 023,20"
,,,,* AMWAY™ Кофе натуральный молотый,100180,"829,43"
,,,,* AMWAY™ Кофе растворимый,100257,"911,18"
,,,,* AMWAY™ Кофе эспрессо,100209,"866,03"
,,,,"* AMWAY™ Чай ""Английский завтрак""",117591,"1 042,26"
,,,,"* AMWAY™ Чай ""Дарджилинг""",101162,"567,11"
,,,,* XS™ Power Drink Энергетический напиток с соком  со вкусом питахайи,120900,"365,40"
,,,,* XS™ Juiced Power Drink Mango Passion Blast Энергетический напиток со вкусом манго и маракуйи,120405,"365,40"
,,,,* XS™ Power Drink Энергетический напиток (со вкусом грейпфрута),119802,"348,00"
,,,,* XS™ Power Drink Энергетический напиток (со вкусом лесных ягод),118766,"348,00"
,,,,* XS™ Power Drink Энергетический напиток (со вкусом тропических фруктов),117138,"348,00"
,,,,* XS™ Power Drink Энергетический напиток (со вкусом лимона),117139,"348,00"
,,* аксессуары,,,,
,,,,* Шейкер bodykey от NUTRILITE™,301617,"325,03"
,,,,* NUTRILITE Коробка для таблеток,111661,"168,74"
,,,,* NUTRILITE Фирменная таблетница,200096,"379,39"
,,,,,,
6.,Красота,,,,красный,
,,* уход за кожей,,,,
,,,* не знаю как разбить этот раздел и надо ли,,,
,,,,* ARTISTRY HYDRA-V™ Питательный гель-крем для кожи лица 75 мл,117648,"894,54"
,,,,* ARTISTRY HYDRA-V™ Питательная концентрированная сыворотка для кожи лица 30 мл,117650,"1 474,67"
,,,,* ARTISTRY HYDRA-V™ Увлажняющая маска 5 шт/уп,120292,"702,22"
,,,,* ARTISTRY HYDRA-V™ Освежающий гель-крем для кожи вокруг глаз 15 мл,117649,"1 002,78"
,,,,* ARTISTRY HYDRA-V™ Освежающий тоник для кожи лица,117644,"516,15"
,,,,* ARTISTRY HYDRA-V™ Освежающий гель для кожи,117647,"894,54"
,,,,* ARTISTRY HYDRA-V™ Освежающая пенка для умывания лица,117642,"516,15"
,,,,* ARTISTRY HYDRA-V™ Крем для восстановления уровня увлажненности,117646,"1 002,78"
,,,,* ARTISTRY HYDRA-V™ Комплексная система для жирной и комбинированной кожи,119688,"3 034,80"
,,,,* ARTISTRY HYDRA-V™ Комплексная система для всех типов кожи,117953,"3 034,80"
,,,,* ARTISTRY HYDRA-V™ Комплексная система для сухой кожи,119687,"3 132,20"
,,,,* ARTISTRY TIME DEFIANCE Сыворотка «Витамин С + дикий ямс»,7313,"827,02"
,,,,* Система ARTISTRY intensive skincare,119522,"2 823,17"
,,,,* ARTISTRY intensive skincare™ Полирующий лосьон интенсивного действия,117842,"1 556,12"
,,,,* ARTISTRY IDEAL RADIANCE™ Увлажняющая эссенция с осветляющим эффектом. Для всех типов кожи,116409,"1 848,84"
,,,,* ARTISTRY IDEAL RADIANCE™ Средство для осветления кожи лица. Для всех типов кожи,116413,"1 362,50"
,,,,* ARTISTRY IDEAL RADIANCE Увлажняющий крем с осветляющим и питательным эффектами. Для всех типов кожи,116411,"1 422,90"
,,,,* ARTISTRY IDEAL RADIANCE Комплексная система по уходу за кожей. Для всех типов кожи,256551,"4 171,11"
,,,,* ARTISTRY YOUTH XTEND Комплексная система по уходу за кожей (с кремами),253580,"5 485,24"
,,,,* ARTISTRY YOUTH XTEND Комплексная система по уходу за кожей (с лосьонами),253579,"5 485,24"
,,,,* ARTISTRY™ YOUTH XTEND™ Лосьон с эффектом смягчения кожи,113802,"1 025,51"
,,,,* ARTISTRY™ YOUTH XTEND™ Концентрированная сыворотка с эффектом восстановления кожи,113809,"1 922,83"
,,,,* ARTISTRY™ YOUTH XTEND™ Пенка для умывания лица с эффектом питания кожи,113801,"1 025,51"
,,,,* ARTISTRY™YOUTH XTEND™ Питательный лосьон,113804,"1 538,27"
,,,,* ARTISTRY™ YOUTH XTEND™ Питательный крем,113808,"1 538,27"
,,,,* ARTISTRY™ YOUTH XTEND™ Защитный лосьон с солнцезащитным фильтром SPF 15,113803,"1 479,96"
,,,,* ARTISTRY™ YOUTH XTEND™ Защитный крем с солнцезащитным фильтром SPF 15,113807,"1 479,96"
,,,,* ARTISTRY™ YOUTH XTEND™ Питательный крем для кожи вокруг глаз,113810,"1 153,74"
,,,,* Сыворотка для кожи лица – интенсивное восстановление «14 ночей»,116396,"5 177,49"
,,,,* ARTISTRY intensive skincare Восстанавливающий пилинг,107998,"1 733,99"
,,,,* ARTISTRY essentials Шлифовальный скраб для лица,106399,"537,98"
,,,,* ARTISTRY essentials Успокаивающий крем,104135,"521,05"
,,,,* ARTISTRY essentials Увлажняющий тоник,104127,"386,60"
,,,,* ARTISTRY essentials Увлажняющий лосьон,104128,"521,05"
,,,,* ARTISTRY essentials Увлажняющий гель для умывания,104126,"386,60"
,,,,* ARTISTRY essentials Увлажняющее средство для лица,104133,"631,02"
,,,,* ARTISTRY essentials Увлажняющая система,105489,"1 164,86"
,,,,* ARTISTRY essentials Очищающая маска для пор кожи лица,106400,"537,98"
,,,,* ARTISTRY essentials Мини система для увлажнения кожи лица,232828,"481,11"
,,,,* ARTISTRY essentials Лосьон для поддержания баланса кожи,104131,"521,05"
,,,,* ARTISTRY essentials Интенсивная увлажняющая маска,106401,"537,98"
,,,,* ARTISTRY essentials Гель от прыщей и раздражений кожи,104134,"544,19"
,,,,* ARTISTRY essentials Восстанавливающий крем для глаз,105531,"571,91"
,,,,* Косметическое средство для кожи вокруг глаз ARTISTRY™ Creme LuXury,109698,"2 762,24"
,,,,"* ARTISTRY essentials Сыворотка ""Альфа Гидроксид Плюс""",107992,"802,62"
,,,,* ARTISTRY Crème LuXury,103564,"5 930,25"
,,,,* ARTISTRY essentials Система поддержания баланса кожи,105487,"1 164,86"
,,,,* ARTISTRY intensive skincare Сыворотка для подтяжки кожи лица с антивозрастным эффектом,109709,"2 607,50"
,,,,* ARTISTRY essentials Тоник для поддержания баланса кожи,104130,"386,60"
,,,,* ARTISTRY essentials Пенка для очищения нормальной и жирной кожи,104129,"386,60"
,,,,* ARTISTRY essentials Мини система для поддержания баланса кожи,232782,"481,11"
,,,,,,
,,* декоративная косметика,,,,
,,,"* пудры, тональные крема",,,
,,,,* ARTISTRY EXACT FIT™ Набор из компактной пудры и футляра,,
,,,,L1*N1 Bisque,259917,"883,74"
,,,,L1*W2 Buff,259918,"883,74"
,,,,L1*W2 Cream,259919,"883,74"
,,,,L2*C1 Chiffon,259920,"883,74"
,,,,L2*N1 Ochre,259921,"883,74"
,,,,L2*W1 Sand,259922,"883,74"
,,,,L3*N1 Tawny,259923,"883,74"
,,,,L2*N2 Natural,121075,"883,74"
,,,,"* ARTISTRY EXACT FIT™ Прозрачная компактная пудра, набор",121066,"883,74"
,,,,"* ARTISTRY EXACT FIT™ Компактная пудра, вкладыш",,
,,,,L1*N1 Bisque,116725,"533,28"
,,,,L1*W2 Buff,116726,"533,28"
,,,,L1*W2 Cream,116727,"533,28"
,,,,L2*C1 Chiffon,116728,"533,28"
,,,,L2*N1 Ochre,116729,"533,28"
,,,,L2*W1 Sand,116731,"533,28"
,,,,L3*N1 Tawny,116733,"533,28"
,,,,L2*N2 Natural,116730,"533,28"
,,,,* ARTISTRY™ Компактная пудра с эффектом 3D – Shimmering Nudes,119784,"519,70"
,,,,* ARTISTRY EXACT FIT™ Безупречная рассыпчатая пудра,,
,,,,light,116694,"815,75"
,,,,medium,116695,"815,75"
,,,,"* ARTISTRY EXACT FIT™ Прозрачная компактная пудра, вкладыш",116744,"533,28"
,,,,* ARTISTRY EXACT FIT™ Стойкий тональный крем,,
,,,,L1*N1,117688,"770,89"
,,,,L1*W1,117689,"770,89"
,,,,L2*C1,117691,"770,89"
,,,,L1*W2,117690,"770,89"
,,,,L2*N1,117692,"770,89"
,,,,L2*N2,117693,"770,89"
,,,,L2*W1,117694,"770,89"
,,,,L3*C1,117695,"770,89"
,,,,L3*N1,117696,"770,89"
,,,,* ARTISTRY™ YOUTH XTEND™ Тональный крем с эффектом лифтинга для выравнивания тона лица,,
,,,,L1*N1 Bisque,110008,"1 055,93"
,,,,L1*W1 Buff,110009,"1 055,93"
,,,,L1*W2 Cream,110010,"1 055,93"
,,,,L2*C1 Chiffon,110011,"1 055,93"
,,,,L2*N1 Ochre,110012,"1 055,93"
,,,,L2*W1 Sand,110014,"1 055,93"
,,,,L3*N1 Tawny,110016,"1 055,93"
,,,,L2*N2 Natural,110013,"1 055,93"
,,,,L3*C1 plush,110015,"1 055,93"
,,,,* ARTISTRY EXACT FIT™ Увлажняющий бальзам с эффектом тонирования кожи,118209,"846,56"
,,,,"* ARTISTRY™ Корректор, Medium",106261,"663,71"
,,,,"* ARTISTRY™ Корректор, Light",106259,"663,71"
,,,"* туши, подводки",,,
,,,,* ARTISTRY SIGNATURE EYES™ Тушь для увеличения объема ресниц (цвет черный),116801,"713,26"
,,,,* ARTISTRY™ Тушь для удлинения и разделения ресниц (цвет черный),112237,"696,75"
,,,,* ARTISTRY SIGNATURE COLOR™ Стойкая жидкая подводка для глаз оттенка Purple,119782,"658,11"
,,,,* ARTISTRY SIGNATURE COLOR™ Стойкая жидкая подводка для глаз оттенка Black,120471,"658,11"
,,,* тени,,,
,,,,* ARTISTRY™ Набор теней для век Luxe Metallic,119783,"1 233,95"
,,,,"* ARTISTRY SIGNATURE COLOR™ Декоративная коллекция «Огни Тихого океана»,  Набор теней для век (вкладыш)",120216,"741,47"
,,,,* ARTISTRY SIGNATURE COLOR™ Набор с тенями для век,,
,,,,smoky eye,262969,"842,00"
,,,,natural glow,262970,"842,00"
,,,,spice bronze,262971,"842,00"
,,,,pink chocolate,262972,"842,00"
,,,,plumberry,262973,"842,00"
,,,,* ARTISTRY SIGNATURE COLOR™ Набор теней для век (вкладыш),,
,,,,smoky eye,118393,"692,31"
,,,,natural glow,118394,"692,31"
,,,,spice bronze,118395,"692,31"
,,,,pink chocolate,118396,"692,31"
,,,,plumberry,118397,"692,31"
,,,* карандаши,,,
,,,,* ARTISTRY SIGNATURE COLOR™ Стойкий карандаш для глаз,,
,,,,black,118921,"391,23"
,,,,brown,118922,"391,23"
,,,,graphite shimmer,118923,"391,23"
,,,,plumberry,118924,"391,23"
,,,,* ARTISTRY™ Автоматический контурный карандаш для бровей (сменный стержень),,
,,,,soft black,110991,"251,03"
,,,,taupe,110989,"251,03"
,,,,* Набор с Автоматическим контурным карандашом для губ ARTISTRY™,,
,,,,spiced wine,121069,"448,85"
,,,,pink nude,121067,"448,85"
,,,,dusty rose,121068,"448,85"
,,,,* ARTISTRY™ Автоматический контурный карандаш для губ (сменный стержень),,
,,,,pink nude,112138,"281,04"
,,,,spiced wine,112142,"281,04"
,,,,dusty rose,112141,"281,04"
,,,* помады,,,
,,,,* ARTISTRY SIGNATURE™ Прозрачная губная помада,,
,,,,50 clear balm,115398,"663,31"
,,,,56 natural pink,115404,"663,31"
,,,,53 tulip pink,115401,"663,31"
,,,,54 apricot glase,115402,"663,31"
,,,,55 candy,115403,"663,31"
,,,,52 princess,115400,"663,31"
,,,,57 honey,115405,"663,31"
,,,,* ARTISTRY SIGNATURE™ Губная помада,,
,,,,01 beige peach,115378,"663,31"
,,,,02 rich cocoa,115379,"663,31"
,,,,03 bellini,115380,"663,31"
,,,,04 sweet blush,115381,"663,31"
,,,,05 tiger lily,115382,"663,31"
,,,,06 daring red,115383,"663,31"
,,,,07 ballet pink,115384,"663,31"
,,,,08 rose petal,115385,"663,31"
,,,,09 havana rose,115386,"663,31"
,,,,10 nutmeg,115387,"663,31"
,,,,11 primrose,115389,"663,31"
,,,,12 bougainvillea,115390,"663,31"
,,,,13 silk lilac,115391,"663,31"
,,,,14 taffeta rose,115393,"663,31"
,,,,15 wild orchid,115394,"663,31"
,,,,16 velvet,115395,"663,31"
,,,* блеск для губ,,,
,,,,* ARTISTRY SIGNATURE COLOR™ Блеск для губ (в футляре с подсветкой),,
,,,,pink nude,118566,"534,71"
,,,,juicy peach,118567,"534,71"
,,,,sweet melon,118568,"534,71"
,,,,real red,118569,"534,71"
,,,,pink sugar,118570,"534,71"
,,,,rose petal,118571,"534,71"
,,,,misty mauve,118572,"534,71"
,,,,raspberry kiss,118573,"534,71"
,,,,* ARTISTRYTM Коллекция «Огни Тихого океана» Блеск для губ (в футляре с подсветкой),,
,,,,cherry,120237,"396,32"
,,,,wild berry,120238,"396,32"
,,,,pink grapefruit,120239,"396,32"
,,,,citrus,120240,"396,32"
,,,,tropical,120241,"396,32"
,,,* румяна,,,
,,,,* ARTISTRY SIGNATURE COLOR™ Набор с Румянами,,
,,,,golden light,262974,"509,80"
,,,,peachy pink,262975,"509,80"
,,,,soft rose,262976,"509,80"
,,,,sweet pink,262977,"509,80"
,,,,* ARTISTRY SIGNATURE COLOR™ Румяна (вкладыш),,
,,,,golden light,118398,"323,19"
,,,,peachy pink,118399,"323,19"
,,,,soft rose,118401,"323,19"
,,,,sweet pink,118402,"323,19"
,,,* лак для ногтей,,,
,,,,* ARTISTRY™ Лак для ногтей,,
,,,,diva,108660,"302,85"
,,,,seduction,108658,"302,85"
,,,,innocent,108665,"302,85"
,,,,,,
,,* аксессуары,,,,
,,,* футляры,,,
,,,,* ARTISTRY™ Компактный футляр для теней и румян,118404,"243,24"
,,,,* ARTISTRY™ Компактный футляр для теней и румян,104173,"508,73"
,,,,* ARTISTRY EXACT FIT™ Компактный футляр для пудры,116745,"391,54"
,,,,"* ARTISTRY™ Автоматический контурный карандаш для век (корпус, без стержня)",112144,"230,34"
,,,,"* ARTISTRY™ Автоматический контурный карандаш для бровей (корпус, без стержня)",112145,"230,34"
,,,,* ARTISTRY™ Футляр для автоматического контурного карандаша для губ,112146,"217,70"
,,,"* кисточки, подушечки, др.",,,
,,,,* ARTISTRY™ Набор косметических кисточек,0867,"689,45"
,,,,* Amway Компактные кисточки для губ 25 шт.,110225,"184,67"
,,,,* Amway Подушечки для пудры,110205,"111,13"
,,,,* ARTISTRY™ Компактные аппликаторы для теней,0813,"117,45"
,,,,* Amway Компактные аппликаторы для туши/подводки для глаз 25 шт.,110226,"300,58"
,,,,* Amway Компактные косметические губки 40 шт.,110224,"106,27"
,,,,* Amway Косметические лопаточки 25 шт.,110223,"143,94"
,,,* другие полезные вещи,,,
,,,,* ARTISTRY™ Зеркало,117882,"477,23"
,,,,* ARTISTRY™ Точилка для косметических карандашей,119592,"61,90"
,,,,* ARTISTRY essentials Жидкость для снятия макияжа с век и губ,106403,"301,06"
,,,,* beautycycle Салфетки для снятия макияжа,110738,"285,69"
,,,,,,
,,"* пакеты, сувенирка",,,,
,,,* пакеты,,,
,,,,* TRUVIVITY от NUTRILITE™ Фирменный пакет (1 шт.),200475,"52,49"
,,,,* ARTISTRY Flora Chic бумажный пакет,200517,"46,80"
,,,,* ARTISTRY пакет маленький,200478,"20,80"
,,,,* HYMM™ полиэтиленовый пакет,200491,"6,00"
,,,,* Брендированный бумажный пакет весенний,,
,,,,весенний средний,200485,"26,34"
,,,,весенний маленький,200484,"15,25"
,,,,* Брендированный бумажный пакет NUTRILITE,,
,,,,средний,200477,"19,40"
,,,,маленький,200476,"13,86"
,,,,"* Бумажный пакет Amway, большой",0722,"20,27"
,,,,"* Бумажный пакет Amway, маленький",0723,"13,31"
,,,,* Полиэтиленовый пакет Amway средний,0003,"3,92"
,,,,* Пластиковый пакет большой,200011,"4,27"
,,,,* Пластиковый пакет маленький,200002UA2,"2,62"
,,,"* сувениры, украшения",,,
,,,,* Amway Зонтик-трость,200238,"678,13"
,,,,* Amway сувенирная модель авто,200364,"189,35"
,,,,* AMWAY ™ Подвески-символы «Свобода и надежда»,257996,"1 811,26"
,,,,* Памятный браслет Amway™,257998,"1 549,80"
,,,,* Подвески-символы Amway™ СЕМЬЯ и ВОЗНАГРАЖДЕНИЕ,262739,"2 242,50"
,,,,* Памятный подарочный набор Amway™ – набор из браслета и 4 подвесок,267499,"4 213,90"
,,,,* Благотворительная подвеска «Сила 5»,268699,"975,00"
,,,,* Памятный подарочный набор Amway™ – набор из браслета и 4 подвесок,267499,"4 213,90"
,,,,* Платок для мужчин к 80-летию NUTRILITE™,258006,"529,72"
,,,,* Фирменное полотенце NUTRILITE,212060,"604,20"
,,,,* Мини-холодильник,118633,"2 296,22"
,,,,,,
,,,,,,
,,,,,,
,,,,,,
отдельно,,Подарочная коллекция,,,,